StartDate,EndDate,Status,IPAddress,Progress,Duration (in seconds),Finished,RecordedDate,ResponseId,RecipientLastName,RecipientFirstName,RecipientEmail,ExternalReference,LocationLatitude,LocationLongitude,DistributionChannel,UserLanguage,Q1,Q2,Q3,Q4,Q5,Q6,Q7_NPS_GROUP,Q7,Q8,Q9,Q10,Q11,Q12,Q13,Q14,Q15,Q16,Q17,Q18,Q19,Q20,Q21,Q22,Q23,Q24,Q25,Q26
Start Date,End Date,Response Type,IP Address,Progress,Duration (in seconds),Finished,Recorded Date,Response ID,Recipient Last Name,Recipient First Name,Recipient Email,External Data Reference,Location Latitude,Location Longitude,Distribution Channel,User Language,"Online grocery shopping is buying food and other household necessities using a online shopping service which includes home delivery or curbside pick up. 
 

Starting February 2020, Did you used a web-based shopping service to buy grocery?",What is your age?,Gender,What is the highest degree or level of school you have completed?,Employment status,"What online shopping service do you prefer for your grocery shopping? 
 

Please, provide Store name, App name or website name.",How would you rate your overall experience with online grocery shopping services? - Group,How would you rate your overall experience with online grocery shopping services?,Online grocery shopping provides a wider range of products,"Using online grocery services, I am able to find all the items that I needed","Since the pandemic started, the products unavailable in stores were available online",COVID-19 regulations and safety guidelines put forth by local and federal authorities encourage me to use online grocery shopping services,"Because of all the COVID-19 restrictions, I felt the need to buy online grocery","During the COVID-19 pandemic, going to the grocery store is a risk for my health",I feel risky to go inside the grocery store even with a face mask and maintain social distance,The groceries bought online are of good quality,The groceries bought online are fresh,The groceries bought online meet my expectations,Online grocery shopping helps me save time,I am satisfied with the time between placement and receiving my online grocery order,Online grocery shopping services are accessible in my area,It is easy to get help from customer service when I shop for grocery online,Online grocery shopping helps me save money,"On average, the products that I buy using online grocery services are cheaper",I am most likely to find better deals on grocery using online grocery services,The COVID-19 pandemic had an impact on my intention to use online grocery shopping services,I intent to keep buy groceries using online services
"{""ImportId"":""startDate"",""timeZone"":""America/Denver""}","{""ImportId"":""endDate"",""timeZone"":""America/Denver""}","{""ImportId"":""status""}","{""ImportId"":""ipAddress""}","{""ImportId"":""progress""}","{""ImportId"":""duration""}","{""ImportId"":""finished""}","{""ImportId"":""recordedDate"",""timeZone"":""America/Denver""}","{""ImportId"":""_recordId""}","{""ImportId"":""recipientLastName""}","{""ImportId"":""recipientFirstName""}","{""ImportId"":""recipientEmail""}","{""ImportId"":""externalDataReference""}","{""ImportId"":""locationLatitude""}","{""ImportId"":""locationLongitude""}","{""ImportId"":""distributionChannel""}","{""ImportId"":""userLanguage""}","{""ImportId"":""QID7""}","{""ImportId"":""QID2_TEXT""}","{""ImportId"":""QID3""}","{""ImportId"":""QID4""}","{""ImportId"":""QID5""}","{""ImportId"":""QID8_TEXT""}","{""ImportId"":""QID10_NPS_GROUP""}","{""ImportId"":""QID10""}","{""ImportId"":""QID12""}","{""ImportId"":""QID14""}","{""ImportId"":""QID13""}","{""ImportId"":""QID15""}","{""ImportId"":""QID29""}","{""ImportId"":""QID16""}","{""ImportId"":""QID17""}","{""ImportId"":""QID20""}","{""ImportId"":""QID25""}","{""ImportId"":""QID30""}","{""ImportId"":""QID18""}","{""ImportId"":""QID31""}","{""ImportId"":""QID26""}","{""ImportId"":""QID27""}","{""ImportId"":""QID19""}","{""ImportId"":""QID21""}","{""ImportId"":""QID24""}","{""ImportId"":""QID32""}","{""ImportId"":""QID33""}"
11/9/20 23:53,11/9/20 23:53,Survey Preview,,100,13,TRUE,11/9/20 23:53,R_1ps0VLIKs4vHchb,,,,,32.91029358,-96.728302,preview,EN,,,,,,,,,,,,,,,,,,,,,,,,,,,
11/12/20 15:39,11/12/20 15:42,IP Address,75.17.224.126,100,173,TRUE,11/12/20 15:42,R_dmYDTvdWhjBFl97,,,,,32.91029358,-96.728302,anonymous,EN,Yes,30,Male,Bachelor's degree,Student,Target,Promoter,10,Agree,Strongly agree,Somewhat agree,Agree,Neither agree nor disagree,Somewhat agree,Somewhat agree,Somewhat agree,Somewhat agree,Neither agree nor disagree,Agree,Agree,Agree,Agree,Neither agree nor disagree,Somewhat agree,Neither agree nor disagree,Agree,Somewhat agree
11/12/20 15:43,11/12/20 15:46,IP Address,70.120.201.141,100,213,TRUE,11/12/20 15:46,R_2THJMZGTYxnb90v,,,,,32.87559509,-96.74949646,anonymous,EN,Yes,23,Male,Master's degree,Student,Walmart,Passive,8,Agree,Agree,Somewhat agree,Agree,Agree,Agree,Agree,Somewhat agree,Somewhat agree,Agree,Agree,Agree,Agree,Agree,Somewhat agree,Somewhat agree,Somewhat agree,Agree,Agree
11/12/20 15:49,11/12/20 15:52,IP Address,104.222.24.129,100,178,TRUE,11/12/20 15:52,R_21sMs2V1PncBlWh,,,,,32.46820068,-99.71820068,anonymous,EN,Yes,21,Prefer not to mention,Bachelor's degree,Unemployed,TaoBao,Promoter,10,Neither agree nor disagree,Neither agree nor disagree,Strongly agree,Neither agree nor disagree,Neither agree nor disagree,Neither agree nor disagree,Neither agree nor disagree,Neither agree nor disagree,Neither agree nor disagree,Somewhat agree,Somewhat agree,Somewhat agree,Somewhat agree,Somewhat agree,Somewhat agree,Somewhat agree,Somewhat agree,Somewhat agree,Somewhat agree
11/12/20 15:49,11/12/20 15:56,IP Address,76.116.64.6,100,382,TRUE,11/12/20 15:56,R_3QJKXQgKXtVzn2O,,,,,40.71820068,-74.04759979,anonymous,EN,Yes,24,Male,Master's degree,Unemployed,Freshgogo,Promoter,9,Agree,Agree,Somewhat agree,Strongly agree,Strongly agree,Agree,Somewhat agree,Agree,Agree,Strongly agree,Agree,Agree,Strongly agree,Agree,Somewhat agree,Somewhat agree,Neither agree nor disagree,Strongly agree,Strongly agree
11/12/20 15:52,11/12/20 15:56,IP Address,68.252.126.244,100,232,TRUE,11/12/20 15:56,R_1InibcIfVqdNdAM,,,,,32.85949707,-117.2124023,anonymous,EN,Yes,23,Male,Bachelor's degree,Employed,Amazon,Promoter,9,Agree,Somewhat disagree,Somewhat agree,Agree,Agree,Strongly agree,Agree,Neither agree nor disagree,Neither agree nor disagree,Somewhat agree,Agree,Agree,Agree,Somewhat agree,Somewhat agree,Agree,Somewhat agree,Agree,Agree
11/12/20 15:51,11/12/20 15:57,IP Address,101.85.124.69,100,322,TRUE,11/12/20 15:57,R_1pFMIrce5LXNm1G,,,,,31.04490662,121.4012146,anonymous,EN,Yes,23,Male,Master's degree,Unemployed,Amazon,Passive,7,Agree,Somewhat agree,Neither agree nor disagree,Somewhat agree,Agree,Somewhat agree,Somewhat agree,Neither agree nor disagree,Neither agree nor disagree,Somewhat agree,Neither agree nor disagree,Somewhat agree,Somewhat agree,Neither agree nor disagree,Disagree,Somewhat disagree,Somewhat agree,Somewhat agree,Agree
11/12/20 15:56,11/12/20 16:02,IP Address,174.225.131.75,100,359,TRUE,11/12/20 16:02,R_2CCCx3T3A5VNU7o,,,,,40.38459778,-74.17539978,anonymous,EN,Yes,21,Female,High school,Student,freshgogo,Detractor,6,Disagree,Disagree,Disagree,Agree,Strongly agree,Somewhat agree,Somewhat agree,Disagree,Somewhat agree,Somewhat disagree,Agree,Disagree,Agree,Somewhat disagree,Disagree,Strongly disagree,Disagree,Agree,Somewhat agree
11/12/20 16:02,11/12/20 16:03,IP Address,96.49.56.10,100,51,TRUE,11/12/20 16:03,R_1MVOhXzDkWUaDFs,,,,,49.36669922,-123.1665039,anonymous,EN,No,,,,,,,,,,,,,,,,,,,,,,,,,,
11/12/20 16:00,11/12/20 16:04,IP Address,188.74.64.210,100,255,TRUE,11/12/20 16:04,R_1CBjEtzbU0TVnEI,,,,,55.94889832,-3.163192749,anonymous,EN,Yes,23,Male,Bachelor's degree,Unemployed,Jingdongï¼ŒTaobao,Passive,8,Strongly agree,Disagree,Somewhat disagree,Agree,Somewhat disagree,Agree,Strongly agree,Neither agree nor disagree,Somewhat agree,Agree,Strongly agree,Agree,Strongly agree,Agree,Agree,Agree,Somewhat agree,Agree,Agree
11/12/20 18:08,11/12/20 18:16,IP Address,75.138.176.171,100,454,TRUE,11/12/20 18:16,R_27pcexVZhX3sNlo,,,,,42.07380676,-72.03029633,anonymous,EN,Yes,30,Female,Master's degree,Employed,Costco,Passive,8,Somewhat disagree,Somewhat agree,Somewhat disagree,Disagree,Agree,Somewhat agree,Somewhat disagree,Somewhat agree,Somewhat agree,Somewhat agree,Somewhat agree,Somewhat agree,Somewhat disagree,Neither agree nor disagree,Somewhat disagree,Somewhat disagree,Disagree,Strongly agree,Somewhat agree
11/12/20 18:57,11/12/20 19:01,IP Address,174.197.66.217,100,259,TRUE,11/12/20 19:01,R_pFxOAWqll3JFc1r,,,,,32.790802,-96.83360291,anonymous,EN,Yes,35,Female,Master's degree,Employed,Walmart,Promoter,9,Somewhat disagree,Agree,Disagree,Agree,Agree,Agree,Agree,Strongly agree,Strongly agree,Strongly agree,Strongly agree,Somewhat agree,Somewhat agree,Agree,Agree,Somewhat agree,Somewhat disagree,Agree,Agree
11/12/20 19:07,11/12/20 19:08,IP Address,64.189.106.108,100,34,TRUE,11/12/20 19:08,R_Ui36w17NCcWlorf,,,,,33.24339294,-95.91100311,anonymous,EN,No,,,,,,,,,,,,,,,,,,,,,,,,,,
11/12/20 19:14,11/12/20 19:15,IP Address,76.237.209.80,100,52,TRUE,11/12/20 19:15,R_248Hz7K9IRjRHvt,,,,,32.72120667,-96.67649841,anonymous,EN,No,,,,,,,,,,,,,,,,,,,,,,,,,,
11/12/20 19:15,11/12/20 19:15,Spam,76.237.209.80,100,14,TRUE,11/12/20 19:15,R_uh5ovfqOoAYyswh,,,,,32.72120667,-96.67649841,anonymous,EN,No,,,,,,,,,,,,,,,,,,,,,,,,,,
11/13/20 00:48,11/13/20 00:50,IP Address,173.172.229.174,100,144,TRUE,11/13/20 00:50,R_3s5OCpDuZvWUpYj,,,,,33.01759338,-96.99259949,anonymous,EN,Yes,24,Female,Associate degree,Employed,walmart,Promoter,9,Agree,Somewhat disagree,Disagree,Neither agree nor disagree,Somewhat agree,Agree,Neither agree nor disagree,Agree,Agree,Agree,Strongly agree,Strongly agree,Strongly agree,Somewhat agree,Disagree,Neither agree nor disagree,Agree,Neither agree nor disagree,Agree
11/13/20 02:10,11/13/20 02:14,IP Address,76.184.162.109,100,222,TRUE,11/13/20 02:14,R_2foDERmnjpEuXTf,,,,,33.10470581,-96.09269714,anonymous,EN,Yes,27,Female,Bachelor's degree,Student,walmart,Passive,7,Somewhat agree,Agree,Neither agree nor disagree,Agree,Strongly agree,Somewhat agree,Neither agree nor disagree,Agree,Neither agree nor disagree,Somewhat agree,Somewhat agree,Neither agree nor disagree,Somewhat agree,Neither agree nor disagree,Somewhat disagree,Neither agree nor disagree,Agree,Agree,Agree
11/13/20 02:18,11/13/20 02:18,IP Address,76.184.162.109,100,19,TRUE,11/13/20 02:18,R_2EjgRQgNPYaO42d,,,,,33.10470581,-96.09269714,anonymous,EN,No,,,,,,,,,,,,,,,,,,,,,,,,,,
11/13/20 02:18,11/13/20 02:35,IP Address,76.184.162.109,100,985,TRUE,11/13/20 02:35,R_2ZUIzVEdmN1QL6X,,,,,33.10470581,-96.09269714,anonymous,EN,Yes,25,Female,Bachelor's degree,Employed,Walmart,Promoter,9,Agree,Agree,Somewhat disagree,Agree,Somewhat agree,Agree,Agree,Agree,Agree,Agree,Somewhat agree,Somewhat agree,Agree,Agree,Somewhat disagree,Disagree,Somewhat disagree,Agree,Somewhat agree
11/13/20 02:46,11/13/20 02:46,IP Address,70.142.59.37,100,18,TRUE,11/13/20 02:46,R_3hhFkIKd8ApSteb,,,,,32.85479736,-97.08190155,anonymous,EN,No,,,,,,,,,,,,,,,,,,,,,,,,,,
11/13/20 02:46,11/13/20 02:47,Spam,70.142.59.37,100,21,TRUE,11/13/20 02:47,R_1PcxJavayaNjkTM,,,,,32.85479736,-97.08190155,anonymous,EN,No,,,,,,,,,,,,,,,,,,,,,,,,,,
11/13/20 02:51,11/13/20 02:55,IP Address,70.142.59.37,100,239,TRUE,11/13/20 02:55,R_RVmHVetPO5WlEuR,,,,,32.85479736,-97.08190155,anonymous,EN,Yes,30,Female,Bachelor's degree,Employed,"Sams, Walmart ",Passive,7,Neither agree nor disagree,Neither agree nor disagree,Disagree,Agree,Agree,Agree,Agree,Agree,Agree,Agree,Agree,Agree,Agree,Neither agree nor disagree,Disagree,Disagree,Somewhat disagree,Disagree,Disagree
11/13/20 06:57,11/13/20 07:02,IP Address,67.10.224.94,100,293,TRUE,11/13/20 07:02,R_23Zwhf0OaCgqYes,,,,,33.03909302,-97.07640076,anonymous,EN,Yes,26,Female,Bachelor's degree,Unemployed,Walmart grocery pick up,Passive,8,Disagree,Disagree,Disagree,Somewhat agree,Somewhat agree,Agree,Agree,Somewhat disagree,Neither agree nor disagree,Somewhat disagree,Agree,Strongly agree,Strongly agree,Agree,Agree,Somewhat disagree,Neither agree nor disagree,Neither agree nor disagree,Strongly agree
11/13/20 07:42,11/13/20 07:48,IP Address,70.121.63.14,100,315,TRUE,11/13/20 07:48,R_2QrKrUHz9Eo8psZ,,,,,32.94729614,-96.70279694,social,EN,Yes,24,Male,Master's degree,Employed,Amazon ,Passive,8,Agree,Somewhat disagree,Strongly agree,Somewhat agree,Somewhat agree,Somewhat agree,Somewhat agree,Somewhat agree,Somewhat agree,Somewhat agree,Agree,Agree,Agree,Somewhat disagree,Agree,Agree,Agree,Agree,Somewhat disagree
11/13/20 08:22,11/13/20 08:23,IP Address,174.236.139.147,100,27,TRUE,11/13/20 08:23,R_PuiKT32uciKwUAV,,,,,35.04899597,-89.95189667,social,EN,No,,,,,,,,,,,,,,,,,,,,,,,,,,
11/13/20 08:43,11/13/20 08:45,IP Address,198.90.109.73,100,154,TRUE,11/13/20 08:45,R_ZKtz336ERh4qG9b,,,,,30.60319519,-96.31359863,social,EN,Yes,21,Female,Bachelor's degree,Employed,"HEB, Instacart ",Promoter,10,Somewhat disagree,Somewhat disagree,Somewhat disagree,Agree,Agree,Agree,Somewhat agree,Agree,Agree,Agree,Agree,Agree,Agree,Somewhat agree,Agree,Neither agree nor disagree,Somewhat agree,Somewhat agree,Somewhat agree
11/13/20 08:44,11/13/20 08:52,IP Address,70.121.71.47,100,471,TRUE,11/13/20 08:52,R_1g0wCOuwiHBmBck,,,,,30.50450134,-97.82089996,social,EN,Yes,27,Female,Master's degree,Student,H-E-B,Passive,8,Somewhat agree,Agree,Agree,Agree,Agree,Agree,Somewhat agree,Agree,Agree,Agree,Agree,Agree,Agree,Agree,Neither agree nor disagree,Neither agree nor disagree,Neither agree nor disagree,Agree,Somewhat agree
11/13/20 09:29,11/13/20 09:36,IP Address,66.25.194.223,100,398,TRUE,11/13/20 09:36,R_06PMDXDbh7BMt9v,,,,,33.86540222,-98.52519989,anonymous,EN,Yes,27,Female,Master's degree,Employed,Instacart,Promoter,9,Somewhat agree,Somewhat agree,Somewhat agree,Neither agree nor disagree,Agree,Agree,Somewhat agree,Agree,Somewhat agree,Agree,Agree,Agree,Agree,Agree,Disagree,Somewhat agree,Agree,Disagree,Agree
11/13/20 09:51,11/13/20 09:53,IP Address,37.160.138.188,100,142,TRUE,11/13/20 09:53,R_27d8sXNxAZLLKe5,,,,,43.14790344,12.10969543,social,EN,No,,,,,,,,,,,,,,,,,,,,,,,,,,
11/13/20 09:57,11/13/20 09:58,IP Address,93.44.191.188,100,26,TRUE,11/13/20 09:58,R_2zp4Bup736ZVWwM,,,,,45.64950562,13.77679443,social,EN,No,,,,,,,,,,,,,,,,,,,,,,,,,,
11/13/20 10:47,11/13/20 10:50,IP Address,45.24.17.128,100,165,TRUE,11/13/20 10:50,R_2B9ENMobbZSxp1h,,,,,32.39039612,-93.71170044,anonymous,EN,Yes,24,Female,Master's degree,Employed,Instacart,Detractor,4,Disagree,Disagree,Disagree,Neither agree nor disagree,Somewhat disagree,Strongly agree,Strongly agree,Disagree,Somewhat agree,Disagree,Agree,Agree,Strongly agree,Neither agree nor disagree,Somewhat agree,Neither agree nor disagree,Somewhat disagree,Agree,Disagree
11/13/20 10:55,11/13/20 11:00,IP Address,75.17.224.126,100,274,TRUE,11/13/20 11:00,R_2vYdn0Mn2nkeeQR,,,,,32.91029358,-96.728302,anonymous,EN,Yes,26,Female,Bachelor's degree,Employed,Kroger,Promoter,9,Agree,Strongly agree,Somewhat disagree,Agree,Agree,Somewhat agree,Somewhat agree,Agree,Agree,Strongly agree,Strongly agree,Agree,Strongly agree,Agree,Strongly agree,Neither agree nor disagree,Agree,Strongly agree,Somewhat agree
11/13/20 12:24,11/13/20 12:26,IP Address,5.90.211.31,100,80,TRUE,11/13/20 12:26,R_1IoMhrDznIVzJGD,,,,,46.00590515,11.19430542,social,EN,No,,,,,,,,,,,,,,,,,,,,,,,,,,
11/13/20 12:23,11/13/20 12:28,IP Address,107.222.103.193,100,329,TRUE,11/13/20 12:28,R_1IsaSYLoH7WfuVi,,,,,33.19760132,-96.61779785,social,EN,Yes,27,Male,Master's degree,Employed,instakart,Passive,8,Somewhat disagree,Somewhat agree,Neither agree nor disagree,Agree,Disagree,Strongly agree,Agree,Agree,Agree,Agree,Agree,Agree,Agree,Agree,Agree,Agree,Agree,Agree,Somewhat agree
11/13/20 12:35,11/13/20 12:47,IP Address,95.239.126.73,100,743,TRUE,11/13/20 12:47,R_3lDGcoSZZ3tdNEZ,,,,,45.97659302,13.32310486,social,EN,Yes,45,Female,Bachelor's degree,Employed,NATURASI AMAZON PRIVALIA,Passive,8,Somewhat agree,Somewhat disagree,Neither agree nor disagree,Somewhat disagree,Somewhat disagree,Neither agree nor disagree,Neither agree nor disagree,Neither agree nor disagree,Neither agree nor disagree,Neither agree nor disagree,Agree,Somewhat agree,Somewhat disagree,Somewhat agree,Neither agree nor disagree,Neither agree nor disagree,Neither agree nor disagree,Somewhat disagree,Neither agree nor disagree
11/13/20 12:48,11/13/20 12:57,IP Address,151.38.155.164,100,528,TRUE,11/13/20 12:57,R_2V3FH4YCc8YcD1u,,,,,45.46429443,9.189498901,social,EN,Yes,46,Male,Doctorate degree,Employed,Ebay,Passive,8,Agree,Agree,Agree,Agree,Disagree,Disagree,Disagree,Somewhat agree,Neither agree nor disagree,Somewhat agree,Agree,Agree,Agree,Somewhat agree,Somewhat agree,Somewhat agree,Agree,Agree,Agree
11/13/20 16:36,11/13/20 16:45,IP Address,107.77.198.174,100,523,TRUE,11/13/20 16:45,R_1hHbqSS7wL6Un0v,,,,,32.87930298,-96.63749695,anonymous,EN,Yes,22,Female,High school,Employed,Walmart ,Detractor,6,Somewhat disagree,Somewhat agree,Agree,Disagree,Agree,Strongly agree,Agree,Somewhat agree,Agree,Somewhat agree,Strongly agree,Strongly agree,Strongly agree,Somewhat agree,Agree,Disagree,Neither agree nor disagree,Strongly agree,Somewhat disagree
11/13/20 21:51,11/13/20 21:52,IP Address,76.184.171.149,100,13,TRUE,11/13/20 21:52,R_yvv3RN3flR1rkAh,,,,,33.18539429,-96.13040161,social,EN,No,,,,,,,,,,,,,,,,,,,,,,,,,,
11/14/20 11:42,11/14/20 11:42,IP Address,68.80.242.209,100,19,TRUE,11/14/20 11:42,R_1g7pXXTSbXqwBZv,,,,,40.10049438,-75.37090302,social,EN,No,,,,,,,,,,,,,,,,,,,,,,,,,,
11/14/20 12:41,11/14/20 12:41,IP Address,24.104.230.243,100,24,TRUE,11/14/20 12:41,R_3Eyv7H5SXfpmSS7,,,,,40.69940186,-73.88829803,anonymous,EN,No,,,,,,,,,,,,,,,,,,,,,,,,,,
11/15/20 14:41,11/15/20 14:46,IP Address,79.24.232.201,100,298,TRUE,11/15/20 14:46,R_2thB3Jja7dyoQX0,,,,,45.64950562,13.77679443,social,EN,Yes,22,Male,Bachelor's degree,Employed,Esselunga e supermercato24,Promoter,10,Strongly agree,Strongly agree,Agree,Agree,Somewhat agree,Agree,Agree,Strongly agree,Strongly agree,Strongly agree,Strongly agree,Strongly agree,Strongly agree,Strongly agree,Strongly disagree,Strongly disagree,Strongly agree,Strongly agree,Strongly agree
11/15/20 14:57,11/15/20 14:57,IP Address,104.129.206.171,100,39,TRUE,11/15/20 14:57,R_ujGSfBLnfFYz8Dn,,,,,35.28419495,-80.87190247,anonymous,EN,No,,,,,,,,,,,,,,,,,,,,,,,,,,
11/15/20 14:58,11/15/20 14:58,Spam,104.129.206.171,100,5,TRUE,11/15/20 14:58,R_2qmEJlAb9QCc0PO,,,,,35.28419495,-80.87190247,anonymous,EN,No,,,,,,,,,,,,,,,,,,,,,,,,,,
11/15/20 15:15,11/15/20 15:20,IP Address,72.191.15.199,100,276,TRUE,11/15/20 15:20,R_1jpJh6cDJx9t1eb,,,,,33.01759338,-96.99259949,anonymous,EN,Yes,32,Male,Master's degree,Employed,Walmart,Passive,8,Agree,Strongly agree,Neither agree nor disagree,Disagree,Disagree,Agree,Agree,Agree,Agree,Strongly agree,Strongly agree,Agree,Strongly agree,Somewhat agree,Strongly agree,Disagree,Agree,Strongly agree,Disagree
11/15/20 16:55,11/15/20 16:57,IP Address,172.58.111.66,100,121,TRUE,11/15/20 16:57,R_1hXeJrVZLcibAcT,,,,,32.9992981,-96.83460236,anonymous,EN,No,,,,,,,,,,,,,,,,,,,,,,,,,,
11/15/20 17:26,11/15/20 17:29,IP Address,98.200.12.43,100,203,TRUE,11/15/20 17:29,R_2CBSrO1SfUcrcuQ,,,,,29.74909973,-95.5542984,anonymous,EN,Yes,26,Female,Master's degree,Employed,Instacart,Promoter,10,Somewhat agree,Somewhat agree,Somewhat agree,Somewhat agree,Somewhat agree,Somewhat agree,Somewhat agree,Somewhat agree,Somewhat agree,Somewhat agree,Somewhat agree,Somewhat agree,Somewhat agree,Somewhat agree,Somewhat disagree,Strongly disagree,Strongly disagree,Somewhat agree,Somewhat agree
11/15/20 17:36,11/15/20 17:46,IP Address,70.123.110.49,100,606,TRUE,11/15/20 17:46,R_vfu36ZPuY4bkOFH,,,,,32.83099365,-96.76920319,anonymous,EN,Yes,24,Female,Bachelor's degree,Employed,Instacart,Passive,7,Agree,Somewhat disagree,Neither agree nor disagree,Somewhat agree,Somewhat agree,Neither agree nor disagree,Somewhat disagree,Somewhat agree,Somewhat agree,Somewhat agree,Agree,Agree,Strongly agree,Neither agree nor disagree,Somewhat agree,Neither agree nor disagree,Neither agree nor disagree,Agree,Neither agree nor disagree
11/15/20 17:38,11/15/20 17:53,IP Address,70.120.153.189,100,888,TRUE,11/15/20 17:53,R_39sobEldjZXgGwV,,,,,32.86839294,-96.93840027,anonymous,EN,Yes,27,Male,Master's degree,Employed,Walmart,Promoter,9,Somewhat disagree,Agree,Agree,Disagree,Somewhat agree,Agree,Neither agree nor disagree,Agree,Neither agree nor disagree,Somewhat agree,Strongly agree,Neither agree nor disagree,Agree,Somewhat disagree,Strongly agree,Disagree,Agree,Agree,Agree
11/15/20 18:16,11/15/20 18:16,IP Address,50.84.124.170,100,17,TRUE,11/15/20 18:16,R_8jGTvHMWX8FGDo5,,,,,33.02250671,-96.72899628,anonymous,EN,No,,,,,,,,,,,,,,,,,,,,,,,,,,
11/15/20 18:23,11/15/20 18:23,IP Address,73.137.71.38,100,4,TRUE,11/15/20 18:23,R_6fJqD57C9NtJEu5,,,,,34.24969482,-84.48940277,anonymous,EN,No,,,,,,,,,,,,,,,,,,,,,,,,,,
11/15/20 18:26,11/15/20 18:28,IP Address,47.41.8.104,100,90,TRUE,11/15/20 18:28,R_5hhP4zFagsXnZJv,,,,,34.1230011,-117.8988037,anonymous,EN,No,,,,,,,,,,,,,,,,,,,,,,,,,,
11/15/20 18:31,11/15/20 18:32,IP Address,73.46.185.210,100,13,TRUE,11/15/20 18:32,R_3PyLjYXCTCnWfs7,,,,,25.77380371,-80.35839844,anonymous,EN,No,,,,,,,,,,,,,,,,,,,,,,,,,,
11/15/20 18:33,11/15/20 18:33,Spam,73.46.185.210,100,5,TRUE,11/15/20 18:33,R_3egcjHLCR358Le6,,,,,25.7592926,-80.35510254,anonymous,EN,No,,,,,,,,,,,,,,,,,,,,,,,,,,
11/15/20 18:34,11/15/20 18:35,IP Address,70.123.118.99,100,46,TRUE,11/15/20 18:35,R_2wKKOIZN6vv8PQR,,,,,32.83099365,-96.76920319,anonymous,EN,No,,,,,,,,,,,,,,,,,,,,,,,,,,
11/15/20 19:10,11/15/20 19:11,IP Address,70.120.119.72,100,40,TRUE,11/15/20 19:11,R_2xy1Hw1mHXItOb9,,,,,32.96099854,-96.98410034,anonymous,EN,No,,,,,,,,,,,,,,,,,,,,,,,,,,
11/15/20 19:05,11/15/20 19:11,IP Address,47.234.204.88,100,368,TRUE,11/15/20 19:11,R_1OJs9IIH3zny6QC,,,,,33.24339294,-95.91100311,anonymous,EN,No,,,,,,,,,,,,,,,,,,,,,,,,,,
11/15/20 19:23,11/15/20 19:23,IP Address,70.123.109.96,100,13,TRUE,11/15/20 19:23,R_785WeZWs7wPOk7f,,,,,32.87559509,-96.74949646,anonymous,EN,No,,,,,,,,,,,,,,,,,,,,,,,,,,
11/15/20 19:26,11/15/20 19:27,IP Address,173.218.247.99,100,18,TRUE,11/15/20 19:27,R_2rpDfJHLHif91pi,,,,,39.26400757,-81.53320313,anonymous,EN,No,,,,,,,,,,,,,,,,,,,,,,,,,,
11/15/20 19:36,11/15/20 19:39,IP Address,47.187.34.61,100,164,TRUE,11/15/20 19:39,R_1Ebp3dnTe9vrjaj,,,,,32.84890747,-96.96669769,anonymous,EN,Yes,29,Male,Bachelor's degree,Employed,instacart,Passive,8,Strongly disagree,Agree,Somewhat agree,Agree,Neither agree nor disagree,Strongly agree,Somewhat agree,Strongly agree,Somewhat agree,Strongly agree,Strongly agree,Agree,Agree,Agree,Strongly agree,Somewhat disagree,Somewhat disagree,Strongly agree,Agree
11/15/20 19:42,11/15/20 19:45,IP Address,66.25.196.27,100,192,TRUE,11/15/20 19:45,R_3HYws3TW0eGDkIQ,,,,,33.85569763,-98.57929993,anonymous,EN,Yes,27,Female,Bachelor's degree,Employed,Walmart,Promoter,9,Disagree,Disagree,Somewhat disagree,Disagree,Agree,Agree,Somewhat disagree,Agree,Agree,Agree,Somewhat agree,Somewhat agree,Agree,Disagree,Disagree,Strongly disagree,Disagree,Agree,Disagree
11/15/20 21:16,11/15/20 21:19,IP Address,47.220.216.175,100,158,TRUE,11/15/20 21:19,R_8GLHHKJXUAreuYN,,,,,30.32170105,-95.52850342,anonymous,EN,Yes,30,Female,Bachelor's degree,Employed,HEB,Promoter,10,Neither agree nor disagree,Strongly agree,Agree,Somewhat agree,Agree,Somewhat agree,Agree,Somewhat agree,Somewhat agree,Agree,Somewhat agree,Agree,Somewhat agree,Strongly agree,Somewhat agree,Strongly agree,Agree,Agree,Agree
11/15/20 21:26,11/15/20 21:29,IP Address,47.189.34.69,100,192,TRUE,11/15/20 21:29,R_AtFzFD7kApfshlD,,,,,32.90390015,-96.54579926,anonymous,EN,Yes,36,Male,Bachelor's degree,Employed,Walmart Grocery,Passive,8,Somewhat disagree,Agree,Somewhat disagree,Agree,Somewhat disagree,Disagree,Disagree,Agree,Agree,Agree,Strongly agree,Strongly agree,Strongly agree,Somewhat agree,Neither agree nor disagree,Neither agree nor disagree,Somewhat disagree,Somewhat agree,Somewhat agree
11/15/20 21:48,11/15/20 21:54,IP Address,47.42.104.36,100,385,TRUE,11/15/20 21:54,R_6Vumv1dtNEIaMiB,,,,,32.94749451,-96.44069672,anonymous,EN,Yes,40,Female,Master's degree,Employed,Kroger,Detractor,6,Agree,Agree,Somewhat disagree,Agree,Agree,Somewhat agree,Somewhat agree,Neither agree nor disagree,Neither agree nor disagree,Neither agree nor disagree,Somewhat agree,Neither agree nor disagree,Agree,Neither agree nor disagree,Neither agree nor disagree,Neither agree nor disagree,Neither agree nor disagree,Somewhat agree,Strongly disagree
11/15/20 21:52,11/15/20 21:56,IP Address,173.172.16.177,100,258,TRUE,11/15/20 21:56,R_32JwA2S4C8JRDjM,,,,,33.18539429,-96.13040161,anonymous,EN,Yes,24,Female,Bachelor's degree,Student,walmart,Passive,8,Somewhat disagree,Disagree,Neither agree nor disagree,Somewhat disagree,Agree,Agree,Neither agree nor disagree,Agree,Somewhat agree,Agree,Neither agree nor disagree,Somewhat agree,Somewhat agree,Agree,Agree,Neither agree nor disagree,Somewhat agree,Somewhat disagree,Somewhat agree
11/15/20 22:35,11/15/20 22:39,IP Address,23.120.213.252,100,255,TRUE,11/15/20 22:39,R_3FWisPB6eUZMvak,,,,,32.85479736,-97.08190155,anonymous,EN,Yes,30,Male,Master's degree,Employed,WalMart,Detractor,5,Somewhat agree,Somewhat agree,Somewhat agree,Somewhat agree,Disagree,Disagree,Disagree,Somewhat disagree,Somewhat disagree,Somewhat disagree,Strongly agree,Agree,Strongly agree,Somewhat disagree,Neither agree nor disagree,Somewhat disagree,Disagree,Agree,Neither agree nor disagree
11/15/20 23:55,11/16/20 00:00,IP Address,183.83.143.60,100,278,TRUE,11/16/20 00:00,R_2ZUIT7pCZUqSJzb,,,,,17.38400269,78.45639038,anonymous,EN,Yes,30,Male,Master's degree,Student,Amazon,Promoter,9,Agree,Agree,Agree,Strongly agree,Agree,Somewhat agree,Somewhat disagree,Agree,Agree,Agree,Agree,Strongly agree,Agree,Agree,Somewhat agree,Somewhat disagree,Somewhat agree,Agree,Somewhat agree
11/16/20 06:55,11/16/20 06:55,IP Address,76.184.83.165,100,17,TRUE,11/16/20 06:55,R_qPysVQAiY0lzhZL,,,,,32.83099365,-96.76920319,social,EN,No,,,,,,,,,,,,,,,,,,,,,,,,,,
11/16/20 07:32,11/16/20 07:32,IP Address,97.99.16.83,100,7,TRUE,11/16/20 07:32,R_3kiEANx92SAGrO3,,,,,32.95030212,-96.81900024,anonymous,EN,No,,,,,,,,,,,,,,,,,,,,,,,,,,
11/16/20 07:33,11/16/20 07:35,IP Address,73.136.116.226,100,103,TRUE,11/16/20 07:35,R_2PjpyGYanNwXhw0,,,,,29.57200623,-95.54000092,anonymous,EN,No,,,,,,,,,,,,,,,,,,,,,,,,,,
11/16/20 08:41,11/16/20 08:41,IP Address,24.160.30.161,100,19,TRUE,11/16/20 08:41,R_2S0Tqln2R7wIJ4n,,,,,26.16499329,-97.98919678,anonymous,EN,No,,,,,,,,,,,,,,,,,,,,,,,,,,
11/16/20 09:18,11/16/20 09:22,IP Address,72.190.100.225,100,264,TRUE,11/16/20 09:22,R_plLgxNl13YbV5zX,,,,,32.91029358,-96.728302,anonymous,EN,Yes,25,Female,Master's degree,Employed,costco ,Promoter,9,Somewhat agree,Somewhat agree,Somewhat disagree,Agree,Agree,Somewhat agree,Somewhat agree,Neither agree nor disagree,Neither agree nor disagree,Somewhat disagree,Neither agree nor disagree,Somewhat agree,Agree,Somewhat agree,Somewhat agree,Somewhat agree,Somewhat agree,Agree,Agree
11/16/20 09:24,11/16/20 09:26,IP Address,68.232.25.51,100,104,TRUE,11/16/20 09:26,R_1eXBOGC9sVXchOD,,,,,33.24339294,-95.91100311,anonymous,EN,No,,,,,,,,,,,,,,,,,,,,,,,,,,
11/16/20 10:07,11/16/20 10:08,IP Address,208.127.224.89,100,51,TRUE,11/16/20 10:08,R_10pCojTiJaFbzLy,,,,,35.58380127,-80.86399841,anonymous,EN,No,,,,,,,,,,,,,,,,,,,,,,,,,,
11/16/20 11:05,11/16/20 11:06,IP Address,75.28.17.188,100,42,TRUE,11/16/20 11:06,R_3k6qZK58Bwmch1H,,,,,33.19760132,-96.61779785,anonymous,EN,No,,,,,,,,,,,,,,,,,,,,,,,,,,
11/16/20 11:22,11/16/20 11:22,IP Address,165.225.216.225,100,19,TRUE,11/16/20 11:22,R_3D7UR3Dqhe553r1,,,,,32.77870178,-96.82170105,anonymous,EN,No,,,,,,,,,,,,,,,,,,,,,,,,,,
11/16/20 11:31,11/16/20 11:35,IP Address,68.201.218.49,100,194,TRUE,11/16/20 11:35,R_2CHyuQgKsiALvCg,,,,,29.7026062,-98.47589874,anonymous,EN,No,,,,,,,,,,,,,,,,,,,,,,,,,,
11/16/20 13:00,11/16/20 13:00,IP Address,76.184.160.136,100,11,TRUE,11/16/20 13:00,R_3Jk0MBHjHwr8igc,,,,,33.10470581,-96.09269714,anonymous,EN,No,,,,,,,,,,,,,,,,,,,,,,,,,,
11/16/20 15:38,11/16/20 15:39,IP Address,174.246.139.1,100,30,TRUE,11/16/20 15:39,R_PFpQoPcDf5rYQdb,,,,,33.07800293,-97.06729889,anonymous,EN,No,,,,,,,,,,,,,,,,,,,,,,,,,,
11/16/20 17:11,11/16/20 17:11,IP Address,76.184.167.228,100,9,TRUE,11/16/20 17:11,R_w7y0PKh2r9x1wWZ,,,,,33.10470581,-96.09269714,anonymous,EN,No,,,,,,,,,,,,,,,,,,,,,,,,,,
11/16/20 17:46,11/16/20 17:57,IP Address,68.203.70.180,100,641,TRUE,11/16/20 17:57,R_DRYgyJcSFFARUk1,,,,,32.89639282,-96.8635025,anonymous,EN,No,,,,,,,,,,,,,,,,,,,,,,,,,,
11/16/20 19:49,11/16/20 19:52,IP Address,96.231.100.145,100,140,TRUE,11/16/20 19:52,R_vdFrE3s5tr9ZapP,,,,,38.45550537,-77.43260193,anonymous,EN,Yes,36,Female,Bachelor's degree,Employed,Walmart,Promoter,10,Neither agree nor disagree,Somewhat disagree,Disagree,Agree,Neither agree nor disagree,Neither agree nor disagree,Disagree,Agree,Agree,Strongly agree,Strongly agree,Strongly agree,Strongly agree,Neither agree nor disagree,Agree,Disagree,Neither agree nor disagree,Agree,Strongly agree
11/16/20 20:07,11/16/20 20:07,IP Address,47.187.36.227,100,24,TRUE,11/16/20 20:07,R_2fjoymqV4l81Euk,,,,,32.84890747,-96.96669769,anonymous,EN,No,,,,,,,,,,,,,,,,,,,,,,,,,,
11/16/20 20:07,11/16/20 20:11,IP Address,47.187.36.227,100,190,TRUE,11/16/20 20:11,R_barOUwtoodvHqNP,,,,,32.84890747,-96.96669769,anonymous,EN,Yes,37,Male,Master's degree,Employed,wallmart,Detractor,6,Neither agree nor disagree,Somewhat disagree,Neither agree nor disagree,Somewhat agree,Somewhat agree,Somewhat agree,Agree,Agree,Neither agree nor disagree,Neither agree nor disagree,Agree,Somewhat agree,Neither agree nor disagree,Neither agree nor disagree,Neither agree nor disagree,Neither agree nor disagree,Neither agree nor disagree,Neither agree nor disagree,Neither agree nor disagree
11/16/20 20:29,11/16/20 20:34,IP Address,50.196.141.94,100,270,TRUE,11/16/20 20:34,R_3EhfgAmF2RsKNPT,,,,,37.16140747,-121.9871979,anonymous,EN,Yes,25,Male,Bachelor's degree,Student,Post Mates,Promoter,9,Strongly disagree,Somewhat agree,Agree,Agree,Agree,Agree,Strongly agree,Agree,Somewhat agree,Agree,Agree,Somewhat agree,Agree,Strongly agree,Agree,Agree,Agree,Strongly agree,Agree
11/16/20 22:30,11/16/20 22:33,IP Address,68.203.165.97,100,223,TRUE,11/16/20 22:33,R_3rHTyOAoOTVBTJH,,,,,32.66090393,-97.03420258,anonymous,EN,Yes,33,Male,Bachelor's degree,Employed,"Costco, Walmart. Kroger",Promoter,9,Agree,Agree,Somewhat disagree,Somewhat agree,Agree,Agree,Agree,Somewhat disagree,Somewhat disagree,Neither agree nor disagree,Agree,Somewhat agree,Somewhat agree,Somewhat agree,Somewhat disagree,Somewhat disagree,Somewhat disagree,Somewhat disagree,Somewhat agree
11/16/20 23:34,11/16/20 23:38,IP Address,70.133.255.84,100,250,TRUE,11/16/20 23:38,R_3qHvBylBHrmR0F4,,,,,33.19760132,-96.61779785,anonymous,EN,No,,,,,,,,,,,,,,,,,,,,,,,,,,
11/17/20 00:11,11/17/20 00:11,IP Address,64.189.106.72,100,14,TRUE,11/17/20 00:11,R_Ah9PjHyrmpi8Pol,,,,,33.24339294,-95.91100311,anonymous,EN,No,,,,,,,,,,,,,,,,,,,,,,,,,,
11/17/20 00:14,11/17/20 00:14,IP Address,107.211.230.33,100,11,TRUE,11/17/20 00:14,R_12yu8mSYNOEFmoG,,,,,29.75019836,-95.47100067,anonymous,EN,No,,,,,,,,,,,,,,,,,,,,,,,,,,
11/17/20 00:11,11/17/20 00:15,IP Address,64.189.106.72,100,206,TRUE,11/17/20 00:15,R_2uqWpAlhIq9H2YT,,,,,33.24339294,-95.91100311,anonymous,EN,Yes,21,Male,Associate degree,Student,Walmart pickup,Passive,7,Neither agree nor disagree,Somewhat agree,Somewhat agree,Somewhat agree,Agree,Somewhat agree,Agree,Somewhat agree,Agree,Somewhat agree,Strongly agree,Agree,Agree,Agree,Somewhat disagree,Somewhat disagree,Somewhat agree,Somewhat agree,Neither agree nor disagree
11/17/20 00:31,11/17/20 00:36,IP Address,66.68.199.57,100,282,TRUE,11/17/20 00:36,R_2pWPn13czqjl45i,,,,,33.18539429,-96.13040161,anonymous,EN,No,,,,,,,,,,,,,,,,,,,,,,,,,,
11/17/20 05:15,11/17/20 05:19,IP Address,67.177.201.105,100,236,TRUE,11/17/20 05:19,R_1hxPG3MCDJfxOFL,,,,,39.95399475,-105.0122986,anonymous,EN,No,,,,,,,,,,,,,,,,,,,,,,,,,,
11/17/20 05:19,11/17/20 05:36,IP Address,67.177.201.105,100,985,TRUE,11/17/20 05:36,R_2OGCtkjlrcMduJC,,,,,39.95399475,-105.0122986,anonymous,EN,Yes,43,Male,Bachelor's degree,Employed,Walmart,Promoter,10,Agree,Agree,Agree,Strongly agree,Strongly agree,Strongly agree,Strongly agree,Strongly agree,Strongly agree,Strongly agree,Strongly agree,Strongly agree,Strongly agree,Strongly agree,Agree,Neither agree nor disagree,Somewhat agree,Strongly agree,Strongly agree
11/17/20 07:55,11/17/20 07:55,IP Address,4.17.94.147,100,27,TRUE,11/17/20 07:55,R_3dYsNB8bZdZDgFM,,,,,29.89729309,-95.64630127,anonymous,EN,No,,,,,,,,,,,,,,,,,,,,,,,,,,
11/17/20 08:08,11/17/20 08:09,IP Address,170.48.19.247,100,38,TRUE,11/17/20 08:09,R_sju3iOB2JIfUmpr,,,,,41.53819275,-72.80079651,anonymous,EN,No,,,,,,,,,,,,,,,,,,,,,,,,,,
11/17/20 08:09,11/17/20 08:12,IP Address,170.48.19.247,100,177,TRUE,11/17/20 08:12,R_22Q4RnyeuMSlQDN,,,,,41.53819275,-72.80079651,anonymous,EN,Yes,32,Female,Bachelor's degree,Employed,INSTACART,Promoter,10,Strongly agree,Strongly agree,Somewhat agree,Neither agree nor disagree,Neither agree nor disagree,Strongly agree,Strongly agree,Strongly agree,Strongly agree,Strongly agree,Strongly agree,Strongly agree,Strongly agree,Strongly agree,Strongly disagree,Strongly disagree,Strongly disagree,Strongly disagree,Strongly agree
11/17/20 11:18,11/17/20 11:21,IP Address,47.184.151.153,100,183,TRUE,11/17/20 11:21,R_3KVXUikLJTSvjql,,,,,32.95219421,-96.66539764,anonymous,EN,No,,,,,,,,,,,,,,,,,,,,,,,,,,
11/17/20 11:25,11/17/20 11:29,IP Address,47.189.38.221,100,270,TRUE,11/17/20 11:29,R_wNaioGl3LFlXRsZ,,,,,32.93460083,-96.55439758,anonymous,EN,Yes,52,Male,Bachelor's degree,Unemployed,HelloFresh,Promoter,9,Somewhat agree,Agree,Disagree,Agree,Somewhat agree,Disagree,Disagree,Agree,Agree,Agree,Agree,Agree,Strongly agree,Somewhat agree,Agree,Somewhat disagree,Somewhat agree,Somewhat agree,Somewhat agree
11/17/20 12:13,11/17/20 12:26,IP Address,50.239.216.94,100,752,TRUE,11/17/20 12:26,R_egqVdYTEKVWtZyF,,,,,39.9552002,-76.66529846,anonymous,EN,Yes,67,Male,High school,Self-employed,Whole foods,Detractor,5,Disagree,Strongly disagree,Strongly disagree,Agree,Strongly agree,Strongly agree,Strongly agree,Agree,Neither agree nor disagree,Neither agree nor disagree,Neither agree nor disagree,Neither agree nor disagree,Agree,Strongly disagree,Strongly disagree,Strongly disagree,Strongly disagree,Strongly agree,Neither agree nor disagree
11/17/20 13:46,11/17/20 13:46,IP Address,52.128.53.251,100,13,TRUE,11/17/20 13:46,R_2EEQPm2Dcnsj3CD,,,,,32.96580505,-97.68659973,anonymous,EN,No,,,,,,,,,,,,,,,,,,,,,,,,,,
11/17/20 13:41,11/17/20 13:47,IP Address,173.172.54.114,100,375,TRUE,11/17/20 13:47,R_25skThfSaaBw2LI,,,,,33.10470581,-96.09269714,anonymous,EN,Yes,24,Female,Bachelor's degree,Student,walmart,Passive,7,Somewhat agree,Somewhat disagree,Agree,Agree,Agree,Somewhat agree,Somewhat agree,Somewhat agree,Neither agree nor disagree,Somewhat agree,Agree,Agree,Agree,Agree,Neither agree nor disagree,Somewhat agree,Agree,Agree,Agree
11/17/20 14:26,11/17/20 14:31,IP Address,47.188.87.180,100,306,TRUE,11/17/20 14:31,R_2SDdew946aBzXYp,,,,,33.02859497,-96.87359619,anonymous,EN,Yes,43,Male,Bachelor's degree,Employed,Amazon/Whole Foods,Promoter,10,Agree,Strongly agree,Strongly agree,Agree,Strongly agree,Agree,Agree,Agree,Strongly agree,Strongly agree,Strongly agree,Agree,Agree,Strongly agree,Agree,Somewhat disagree,Neither agree nor disagree,Somewhat disagree,Agree
11/17/20 14:52,11/17/20 14:55,IP Address,76.184.160.136,100,201,TRUE,11/17/20 14:55,R_22z9z1pIOujX2VU,,,,,33.10470581,-96.09269714,anonymous,EN,Yes,29,Male,Master's degree,Student,Kroger,Detractor,6,Agree,Agree,Somewhat agree,Strongly agree,Agree,Strongly agree,Agree,Neither agree nor disagree,Somewhat agree,Agree,Strongly agree,Agree,Disagree,Somewhat agree,Somewhat agree,Neither agree nor disagree,Somewhat agree,Strongly agree,Strongly agree
11/17/20 14:50,11/17/20 14:56,IP Address,76.184.170.161,100,358,TRUE,11/17/20 14:56,R_1DMBo7erHUE4HLl,,,,,33.10470581,-96.09269714,anonymous,EN,Yes,24,Male,Master's degree,Employed,Amazon,Passive,8,Strongly agree,Strongly agree,Somewhat agree,Strongly agree,Agree,Agree,Strongly agree,Agree,Agree,Somewhat agree,Agree,Agree,Disagree,Somewhat agree,Somewhat agree,Agree,Agree,Agree,Agree
11/17/20 14:53,11/17/20 14:58,IP Address,172.58.110.206,100,288,TRUE,11/17/20 14:58,R_1E4MdnfA3E2CqKA,,,,,32.71009827,-96.8526001,anonymous,EN,Yes,30,Female,Master's degree,Employed,Amazon ,Passive,8,Agree,Agree,Agree,Agree,Agree,Strongly agree,Strongly agree,Agree,Agree,Agree,Agree,Agree,Agree,Agree,Agree,Agree,Agree,Agree,Agree
11/17/20 15:00,11/17/20 15:02,IP Address,76.85.64.49,100,105,TRUE,11/17/20 15:02,R_22VxlSnLYG0aNTN,,,,,33.03909302,-97.07640076,anonymous,EN,Yes,26,Male,Master's degree,Student,Walmart ,Passive,8,Agree,Somewhat agree,Neither agree nor disagree,Neither agree nor disagree,Somewhat disagree,Disagree,Somewhat disagree,Neither agree nor disagree,Neither agree nor disagree,Neither agree nor disagree,Neither agree nor disagree,Neither agree nor disagree,Neither agree nor disagree,Neither agree nor disagree,Neither agree nor disagree,Neither agree nor disagree,Neither agree nor disagree,Neither agree nor disagree,Neither agree nor disagree
11/17/20 15:04,11/17/20 15:04,IP Address,107.77.245.12,100,21,TRUE,11/17/20 15:04,R_1BRfKvf83lOj4UN,,,,,33.4683075,-112.0549011,anonymous,EN,No,,,,,,,,,,,,,,,,,,,,,,,,,,
11/17/20 14:59,11/17/20 15:05,IP Address,97.75.69.98,100,343,TRUE,11/17/20 15:05,R_eVwS8zWvespjFuh,,,,,32.86839294,-96.93840027,anonymous,EN,Yes,26,Female,Master's degree,Employed,"Amazon, yami buy, lancome, nordstrom",Passive,7,Strongly agree,Agree,Somewhat agree,Agree,Agree,Neither agree nor disagree,Neither agree nor disagree,Somewhat agree,Neither agree nor disagree,Somewhat agree,Somewhat agree,Strongly agree,Strongly agree,Somewhat agree,Disagree,Disagree,Neither agree nor disagree,Somewhat disagree,Neither agree nor disagree
11/17/20 15:08,11/17/20 15:08,IP Address,47.185.216.175,100,16,TRUE,11/17/20 15:08,R_21cd9CD2eBCYtL1,,,,,33.02870178,-96.68260193,anonymous,EN,No,,,,,,,,,,,,,,,,,,,,,,,,,,
11/17/20 15:40,11/17/20 15:43,IP Address,8.6.112.149,100,217,TRUE,11/17/20 15:43,R_2V9LgTXBymbZl7x,,,,,32.77870178,-96.82170105,anonymous,EN,Yes,31,Male,Bachelor's degree,Student,Walmart,Passive,7,Somewhat disagree,Disagree,Somewhat agree,Neither agree nor disagree,Somewhat agree,Agree,Agree,Somewhat agree,Somewhat agree,Agree,Agree,Somewhat agree,Agree,Neither agree nor disagree,Disagree,Disagree,Somewhat disagree,Somewhat agree,Somewhat disagree
11/17/20 15:58,11/17/20 15:58,IP Address,172.58.229.168,100,9,TRUE,11/17/20 15:58,R_2YKYNgN4g1LOGat,,,,,40.86219788,-73.89019775,anonymous,EN,No,,,,,,,,,,,,,,,,,,,,,,,,,,
11/17/20 15:59,11/17/20 15:59,IP Address,172.58.231.140,100,16,TRUE,11/17/20 15:59,R_129EH0wEd0890EM,,,,,40.84700012,-73.86160278,anonymous,EN,No,,,,,,,,,,,,,,,,,,,,,,,,,,
11/17/20 16:20,11/17/20 16:31,IP Address,106.217.252.50,100,638,TRUE,11/17/20 16:31,R_1o0iJqteCDbijX2,,,,,16.50740051,80.64660645,anonymous,EN,Yes,60,Male,Master's degree,Retired,Modern Supermarket ,Promoter,10,Agree,Agree,Agree,Agree,Agree,Agree,Strongly agree,Agree,Agree,Agree,Agree,Agree,Agree,Agree,Agree,Neither agree nor disagree,Neither agree nor disagree,Agree,Somewhat agree
11/17/20 16:30,11/17/20 16:33,IP Address,172.58.109.144,100,198,TRUE,11/17/20 16:33,R_yP8SitLs5tgC3oB,,,,,32.7507019,-97.20950317,anonymous,EN,Yes,31,Male,Master's degree,Student,Walmart,Passive,8,Agree,Agree,Somewhat agree,Somewhat agree,Strongly agree,Neither agree nor disagree,Disagree,Agree,Agree,Agree,Strongly agree,Agree,Agree,Somewhat agree,Neither agree nor disagree,Neither agree nor disagree,Neither agree nor disagree,Strongly agree,Agree
11/17/20 17:06,11/17/20 17:06,IP Address,76.184.172.191,100,9,TRUE,11/17/20 17:06,R_Dk6vWhoV8j5ME3D,,,,,33.18539429,-96.13040161,anonymous,EN,No,,,,,,,,,,,,,,,,,,,,,,,,,,
11/17/20 17:21,11/17/20 17:29,IP Address,97.99.23.183,100,451,TRUE,11/17/20 17:29,R_2ZJmroK97LaIaQh,,,,,32.95030212,-96.81900024,anonymous,EN,No,,,,,,,,,,,,,,,,,,,,,,,,,,
11/17/20 17:29,11/17/20 17:29,IP Address,76.183.170.37,100,8,TRUE,11/17/20 17:29,R_UrWz81nt8VSA72V,,,,,32.82359314,-96.68139648,anonymous,EN,No,,,,,,,,,,,,,,,,,,,,,,,,,,
11/17/20 17:29,11/17/20 17:30,Spam,97.99.23.183,100,68,TRUE,11/17/20 17:30,R_ROGrVewXAq5W6rf,,,,,32.95030212,-96.81900024,anonymous,EN,No,,,,,,,,,,,,,,,,,,,,,,,,,,
11/17/20 17:31,11/17/20 17:38,IP Address,174.255.131.122,100,433,TRUE,11/17/20 17:38,R_3fpnnQSUFj578uK,,,,,32.77870178,-96.82170105,anonymous,EN,Yes,28,Female,Master's degree,Employed,Walmart,Passive,8,Disagree,Strongly agree,Strongly agree,Strongly disagree,Strongly disagree,Strongly agree,Strongly agree,Strongly agree,Strongly agree,Strongly agree,Strongly agree,Strongly agree,Strongly agree,Strongly agree,Strongly agree,Strongly disagree,Strongly agree,Strongly agree,Strongly agree
11/17/20 17:46,11/17/20 17:46,IP Address,173.172.16.8,100,12,TRUE,11/17/20 17:46,R_1pRwcKy2FnlQfOW,,,,,33.18539429,-96.13040161,anonymous,EN,No,,,,,,,,,,,,,,,,,,,,,,,,,,
11/17/20 18:06,11/17/20 18:09,IP Address,73.97.23.49,100,197,TRUE,11/17/20 18:09,R_3PTd3T9Q2YOVcqF,,,,,47.61759949,-122.142395,anonymous,EN,Yes,28,Female,Master's degree,Student,"Apna Bazar, Amazon fresh etc",Passive,8,Somewhat agree,Agree,Somewhat agree,Agree,Agree,Agree,Agree,Agree,Agree,Agree,Agree,Somewhat agree,Agree,Neither agree nor disagree,Somewhat agree,Neither agree nor disagree,Somewhat agree,Agree,Somewhat agree
11/17/20 18:09,11/17/20 18:13,IP Address,70.119.135.192,100,204,TRUE,11/17/20 18:13,R_T0iKASjc3VvVd1T,,,,,33.00360107,-96.88339996,anonymous,EN,Yes,22,Female,Bachelor's degree,Student,Amazon fresh,Promoter,9,Strongly disagree,Agree,Agree,Agree,Strongly agree,Agree,Strongly agree,Strongly agree,Somewhat agree,Agree,Strongly agree,Strongly agree,Agree,Agree,Neither agree nor disagree,Neither agree nor disagree,Agree,Agree,Agree
11/17/20 18:41,11/17/20 18:43,IP Address,97.94.200.14,100,137,TRUE,11/17/20 18:43,R_1Q60e0FUKcq8dYa,,,,,33.14520264,-97.06990051,anonymous,EN,Yes,30,Female,Master's degree,Employed,sam's club,Passive,7,Somewhat disagree,Somewhat agree,Disagree,Strongly agree,Strongly agree,Strongly agree,Strongly agree,Agree,Neither agree nor disagree,Somewhat agree,Agree,Somewhat agree,Strongly agree,Neither agree nor disagree,Somewhat disagree,Somewhat disagree,Somewhat agree,Strongly agree,Somewhat agree
11/17/20 20:38,11/17/20 20:42,IP Address,124.218.133.75,100,218,TRUE,11/17/20 20:42,R_1jqvNE8RH1WUHOJ,,,,,22.61480713,120.3139038,anonymous,EN,Yes,26,Male,Master's degree,Unemployed,"Uber eat, Food Panda",Detractor,5,Somewhat disagree,Somewhat agree,Somewhat agree,Agree,Agree,Strongly agree,Agree,Somewhat agree,Somewhat agree,Somewhat agree,Strongly agree,Agree,Agree,Somewhat agree,Somewhat disagree,Somewhat disagree,Somewhat disagree,Somewhat agree,Somewhat agree
11/17/20 21:05,11/17/20 21:11,IP Address,99.7.165.244,100,320,TRUE,11/17/20 21:11,R_3MuKYjI6bdkxr8V,,,,,32.85450745,-97.1359024,anonymous,EN,No,,,,,,,,,,,,,,,,,,,,,,,,,,
11/17/20 21:20,11/17/20 21:21,IP Address,98.158.241.108,100,28,TRUE,11/17/20 21:21,R_1eLEUuOO80giMoT,,,,,30.50340271,-97.74939728,anonymous,EN,No,,,,,,,,,,,,,,,,,,,,,,,,,,
11/17/20 21:18,11/17/20 21:29,IP Address,64.189.106.87,100,698,TRUE,11/17/20 21:29,R_10oPcrsAxJaGQrD,,,,,33.24310303,-95.91120148,anonymous,EN,Yes,29,Male,Master's degree,Student,grubhub,Passive,7,Somewhat agree,Somewhat agree,Somewhat agree,Strongly agree,Somewhat agree,Agree,Somewhat agree,Agree,Agree,Somewhat agree,Somewhat agree,Somewhat agree,Agree,Somewhat agree,Agree,Somewhat agree,Somewhat agree,Strongly agree,Somewhat agree
11/18/20 07:31,11/18/20 07:31,IP Address,74.211.46.106,100,17,TRUE,11/18/20 07:31,R_1nZTYwMUqTl1x2d,,,,,38.72999573,-104.7536011,anonymous,EN,No,,,,,,,,,,,,,,,,,,,,,,,,,,
11/18/20 18:10,11/18/20 18:14,IP Address,72.182.208.35,100,241,TRUE,11/18/20 18:14,R_xxcEpOH1QdTHaGB,,,,,32.84890747,-96.96669769,anonymous,EN,Yes,24,Male,Bachelor's degree,Employed,"amazon, wholefood,walmart+",Passive,8,Agree,Agree,Disagree,Strongly agree,Strongly agree,Strongly agree,Strongly agree,Somewhat agree,Neither agree nor disagree,Somewhat agree,Strongly agree,Somewhat disagree,Somewhat agree,Somewhat agree,Somewhat agree,Disagree,Disagree,Agree,Agree
11/18/20 19:13,11/18/20 19:14,IP Address,76.107.243.26,100,7,TRUE,11/18/20 19:14,R_12g96idPrSptTa1,,,,,34.25149536,-88.72080231,anonymous,EN,No,,,,,,,,,,,,,,,,,,,,,,,,,,
11/12/20 16:03,11/12/20 16:03,IP Address,96.49.56.10,7,6,FALSE,11/19/20 16:03,R_1PTTgpLMeY8tHO0,,,,,,,anonymous,EN,Yes,,,,,,,,,,,,,,,,,,,,,,,,,,
11/12/20 16:39,11/12/20 16:44,IP Address,172.58.187.208,93,271,FALSE,11/19/20 16:44,R_21buSmuhBRQexAj,,,,,,,anonymous,EN,Yes,25,Male,Bachelor's degree,Employed,Walmart & Amazon ,Promoter,10,Strongly agree,Strongly disagree,Agree,Strongly agree,Strongly agree,Agree,Somewhat agree,Strongly agree,Agree,Agree,Strongly agree,Strongly agree,Strongly agree,Strongly agree,Neither agree nor disagree,Neither agree nor disagree,Somewhat agree,,